ID,Selecione sua maior titulação na área de computação,Experiência em desenvolvimento de software (em anos) na indústria: ,Experiência com linguagem de programação Java (em anos) na indústria: ,"Aproximadamente, em quantos projetos escritos em Java você trabalhou na indústria?", Qual é o seu(s) cargo(s) na empresa atualmente?,Você tem conhecimento sobre anomalias de código?,Você costuma remover anomalias de código dos projetos que você participa?,Você tem conhecimento sobre refatorações?,Você costuma refatorar os projetos que você participa?
12,Mestre,0,0,0,estudante,Sim,Sim,Sim,Sim
9,Graduado,5,5,4,Pesquisador / Bolsista,Sim,Sim,Sim,Sim
14,Mestre,7,5,4,Professor,Sim,Sim,Sim,Sim
13,Mestre,14,14,50,"Analista de TI, Desenvolvedor de Software",Sim,Não,Sim,Sim
6,Graduado,1,1,1,Desenvolvedor de Software,Sim,Sim,Sim,Sim
8,Graduado,2,2,2,Pesquisador,Sim,Sim,Sim,Sim
15,Mestre,7,0,0,Gerente de Projetos,Sim,Sim,Sim,Sim
4,Graduado,4,0,0,Desenvolvedor de Software,Sim,Não,Sim,Sim
5,Graduado,7,6,4,"Consultor, Testador e Analista de Qualidade do Processo de Software",Sim,Sim,Sim,Sim
11,Mestre,4,1,1,-,Sim,Sim,Sim,Sim
7,Mestre,3,1,1,Desenvolvedor de Software,Sim,Sim,Sim,Sim
20,Graduado,15,0,1,"Desenvolvedor de Software, Gerente de Projetos, Líder Técnico",Sim,Sim,Sim,Sim
