"id","description","removed_smell_id","title"
4,"Essa sequência de refatorações visa resolver o code smell <em>Feature Envy</em> presente no método <code>Media.replaceImages</code> da classe apresentada abaixo. Esse método foi detectado como <em>Feature Envy</em> por parecer mais interessado na classe <code>PicturePool</code> que na própria classe onde ele foi definido. Assim, as heurísticas recomendaram duas refatorações. Primeiro, devemos remover o trecho do código de <code>replaceImages</code> mais interessado em <code>PicturePool</code>. Esse trecho é agrupado em um novo método. Depois, movemos esse novo método para a classe <code>PicturePool</code>. Assim, o código resultante não é mais uma <em>Feature Envy</em>.",1,"Removendo Feature Envy da classe Media"
6,"A classe <code>UserFactory</code> contém apenas um método que foi marcado como infectado pelo code smell <em>Feature Envy</em>. Esse método parece unicamente interessado na classe <code>User</code>. Dessa forma, as heurísticas propuseram uma sequência de duas refatorações para solucionar o problema.",1,"Removendo Feature Envy da classe UserFactory"
3,"O método <code>matricularReingresso</code> foi considerado como sendo afetado pelo code smell <em>Feature Envy</em>. Isso ocorreu porque muitas chamadas do método parecem mais interessadas em outras classes do que a própria <code>IngressoUniversidadeService</code>. Em particular, o referido método faz muitas chamadas à classe <code>MatriculaInstitucional</code>. Isso é um indício de que parte desse método deveria estar na classe  <code>MatriculaInstitucional</code> e não na classe <code>IngressoUniversidadeService</code>.   As refatorações aqui apresentadas para resolver esse code smell se baseiam na simplificação do método <code>matricularReingresso</code> e em mover algumas linhas de código para a classe <code>MatriculaInstitucional</code>.",1,"Removendo Feature Envy da classe IngressoUniversidadeService"
10,"A classe <code>EmployeeUtils</code> implementa diversas responsabilidades. Primeiro, ela fornece um conjunto de métodos responsáveis por operações de persistência, importação e exportação de dados. Segundo, ela provê, internamente, o conceito de <code>Employee</code>.",2,"Removendo God Class da classe EmployeeUtils"
7,"A classe <code>DiarioClasseService</code> foi considerada uma <em>Complex Class</em> por conter um método com alta complexidade. Assim, várias refatorações foram recomendadas.",3,"Removendo Complex Class da classe DiarioClasseService"
2,"O método <code>GenericTranspalBean.processamento</code> apresenta uma alta complexidade. Essa estrutura encadeada de <code>ifs</code> faz com que a classe <code>Clause</code> seja considerada uma <em>Complex Class</em>. Classes com esse problema estrutural são difíceis de manter e de evoluir. Desta forma, é benéfico pro projeto que ela seja refatorada. A seguir apresentamos as refatorações sugeridas e como o código foi transformado.",3,"Removendo Complex Class da classe GenericTranspalBean"
1,"O método <code>Clause.toCriterion()</code> apresenta uma alta complexidade. Essa estrutura encadeada de <code>ifs</code> faz com que a classe <code>Clause</code> seja considerada uma <em>Complex Class</em>. Classes com esse problema estrutural são difíceis de manter e de evoluir. Desta forma, é benéfico pro projeto que ela seja refatorada. A seguir apresentamos as duas refatorações sugeridas e como o código foi transformado.",3,"Removendo Complex Class da classe Clause"
5,"A classe <code>MatriculaAcademicaService</code> tem quase mil linhas de código e implementa diversas funcionalidades diferentes. Essas suas características fazem com que ela seja uma <em>God Class</em>. Assim, uma série de refatorações do tipo <em>Move Method</em> pode remover o code smell.",2,"Removendo God Class da classe MatriculaAcademicaService"
9,"A classe <code>LibraryMainControl</code> contém operações que implementam três funcionalidades distintas. O acúmulo de funções nessa classe faz com que ela seja considerada uma <em>God Class</em> no sistema em que ela foi implementada. As heurísticas recomendaram refatorações do tipo <em>Move Method</em> para tratar o problema.",2,"Removendo God Class da classe LibraryMainControl"
