"id","class_name","order","batch_id","type_id"
1,"Clause.java",0,1,3
14,"Media",0,4,3
10,"IngressoUniversidadeService",0,3,3
11,"IngressoUniversidadeService",1,3,2
12,"IngressoUniversidadeService",2,3,2
13,"IngressoUniversidadeService",3,3,1
18,"MatriculaAcademicaService",0,5,3
21,"MatriculaAcademicaService",3,5,6
29,"DiarioClasseService",0,7,3
30,"DiarioClasseService",1,7,2
31,"DiarioClasseService",2,7,2
9,"Clause.java",1,1,2
28,"Clause",2,1,2
19,"MatriculaAcademicaService",1,5,4
32,"DiarioClasseService",3,7,2
33,"DiarioClasse",4,7,1
2,"GenericTranspalBean",0,2,3
3,"GenericTranspalBean",1,2,2
4,"GenericTranspalBean",2,2,2
20,"MatriculaAcademicaService",2,5,6
5,"GenericTranspalBean",3,2,2
23,"MatriculaAcademicaService",4,5,6
42,"EmployeeUtils",0,10,3
6,"GenericTranspalBean",4,2,2
44,"EmployeeUtils",2,10,6
45,"EmployeeUtils",3,10,6
46,"EmployeeUtils",4,10,1
43,"EmployeeUtils",1,10,7
39,"LibraryMainControl",0,9,3
7,"GenericTranspalBean",5,2,2
41,"LibraryMainControl",2,9,6
40,"LibraryMainControl",1,9,6
15,"Media",1,4,2
16,"Media",2,4,1
24,"UserFactory",0,6,3
25,"UserFactory",1,6,2
26,"UserFactory",2,6,1
8,"GenericTranspalBean",6,2,2
