id,observations,batch_id,user_id,perception,Positive,Negative,Has Suggestions?,Which Suggestions?
96,"Sinceramente, essas operações de refatoramento não ajudaram em nada. O método pode até ter ficado menos complexo, porém a complexidade ciclomática foi espalhada pelos outros métodos criados, ou seja, os outros métodos também tem bastante estruturas condicionais. Para esse tipo de problema, operações de refatoramento não resolvem. O mais adequado nesse caso, seria aplicar um padrão de projeto Strategy, utilizando um hashMap.  Onde a chave seria um ClauseOperator e o valor seria Criterion. Então só precisaria de um if, para verificar se tem a chave que ele procura, se tiver manda o valor da chave no map. Muito mais simples. Eu já apliquei esse padrão em situações semelhantes. ",1,5,n,reduced method complexity,not helpful at all,yes,"O mais adequado nesse caso, seria aplicar um padrão de projeto Strategy, utilizando um hashMap.  Onde a chave seria um ClauseOperator e o valor seria Criterion."
101,A refatoração reduziu a complexidade do método Clause.toCriterion().,1,4,s,reduced method complexity,,no,
110,As operações melhoraram a estrutura do código,1,9,s,improved structure,,no,
115,"As refatorações melhoraram um pouco a legibilidade da classe. Porém, eu não vi nenhuma melhoria significativa, que justificaria o esforço. O motivo é que o método original não estava tão ruim, em minha opinião.",1,14,p,small improvement,"not significative, no refactoring need",no,
25,A semantica ainda não ficou boa. Pelo menos para mim não ficou claro o que são estes métodos,1,15,p,,Semantics should be improved,no,
38,"Nao consegui entender muito as refactoracoes, porem mehorou a estructura do codigo.",1,6,s,improved structure,coldn't understand refactorings,no,
47,As duas refatorações não foram suficientes para remover os smells.,1,11,n,,not enough refactorings,no,
56,Parece resolvido.,1,20,s,,,no,
69,"Melhorou um pouco, mas não foi tanto assim. Entendo que o objetivo for remover o smell, mas como esse exemplo tava menos crítico que o anterior, da a impressão que a melhoria não foi tanta",1,12,p,small improvement,less critical case,no,
78,"Eu creio que as refatorações melhoraram o código em termos de legibilidade e manutenção. Todavia, eu não tenho certeza de que a ""complex Class"" foi de fato removida pois não tenho informações a cerca da métrica (e.g. CC) antes e depois das ações de refatoração. Adicionalmente, não creio que o uso de if/else ifs aninhados são a forma adequada para solucionar o problema em questão.",1,13,p,"improved legibility, improved maintainability","not sure if removed the smell, the structure may not be the most adequate",yes,more information needed
87,Sim.  Ambas as extrações de método tornaram o método tanto mais légivel como mais fácil de se manter.,1,8,s,"improved legibility, improved maintainability",,no,
124,"A proposta é adequada para melhorar a estrutura do código, porem essas alterações melhoraram a qualidade estrutural do código mas percebo que a classe continua de certa forma sendo complexa.",1,7,s,improved structure,class continue complex,no,
100,"Sim, a refatoração reduziu a complexidade do método GenericTranspalBean.processamento significativamente.",2,4,s,reduced complexity,,no,
109,Com a sequencia de refatorações aplicadas houve uma melhoria significativa na diminuição da complexidade do método GenericTranspalBean.processamento,2,9,s,"significant improvement, reduced complexity",,no,
114,"O método processamento não possuía nenhuma lógica muito complexa. Porém, por concentrar muitas tarefas, era muito longo. As refatorações apresentadas são adequadas para remover a anomalia.",2,14,s,"method was long, removed the smell",logic was not complex,no,
123,"A proposta é adequada para melhorar a estrutura do código. Além das mudanças propostas, acho que seria bom mover os métodos extraídos para as classes que tem a mesma semântica, por exemplo, ""buildDadosCurso()"" para o serviço de Curso, ""buildPais()"" para o serviço de pais ou para EnderecoService. Além disso, acho que essas alterações melhoraram a qualidade estrutural do código mas percebo que a classe continua de certa forma sendo complexa.",2,7,s,improved structure,class continue complex,yes,Provide structural information about the code before and after refactorings
24,"Nao conferi linha a linha, mas concordo com as refatorações",2,15,s,agree with refactorings,,no,
37,"Nao tenho certeza, acredito que sim",2,6,s,,not sure,no,
46,O método processamento ficou mais legível e melhor estruturado.,2,11,s,"improved structure, improved legibility",,no,
55,Parece resolvido.,2,20,s,seems resolved,,no,
68,De fato melhorou a legibilidade. ,2,12,s,improved legibility,,no,
77,"Eu creio que as refatorações melhoraram o código em termos de legibilidade e manutenção. Todavia, eu não tenho certeza de que a ""complex Class"" foi de fato removida pois não tenho informações a cerca da métrica (e.g. CC) antes e depois das ações de refatoração.",2,13,s,"improved legibility, improved maintainability",not sure if removed complex class,yes,more information needed
86,Sim.  A sequência tornou o código mais légivel e fácil de se fazer a manuntenção.,2,8,s,"improved legibility, improved maintainability",,no,
95,"A sequência de refatoramentos não foram suficiente para diminuir a complexidade da classe, aliás transformou a classe em uma God Class. Pois, olhando a semântica dos novos métodos criados pelos Extract Method's, esses métodos fazem tratamento de dados (tratamento de string , basicamente). O correto seria aplicar mais uma sequência de Move Method's, onde esses métodos deveriam ser movido para uma classe Utils ou cada método para a sua classe de domínio. Ex: para buildEndereco vai ser movido para a classe Endereco e então o método buildEndereco retorna a StringBuilder já com a String modificada. ",2,5,n,,"introduced another smell, more refactoring needed",yes,"O correto seria aplicar mais uma sequência de Move Method's, onde esses métodos deveriam ser movido para uma classe Utils ou cada método para a sua classe de domínio. Ex: para buildEndereco vai ser movido para a classe Endereco e então o método buildEndereco retorna a StringBuilder já com a String modificada. "
102,"Elas parecem intuitivas, e realmente melhoraram a manuntenção e compreenção do código. O código ficou mais legível e coeso.",3,9,s,"intuitive, improved legibility, improved maintainability, improved cohesion",,no,
116,"As refatorações melhoraram a estrutura do código, porem eu faria mais outra mudança para tirar o método ""atualizaMatriculaOrigem"" que continua chamando a mais a classe ""MatriculaInstitucional"". No construtor da classe ""MatriculaInstitucional"" eu colocaria um parâmetro opcional chamado ""periodoLetivoAtual"", caso ele seja diferente de null, então eu chamaria o método ""atualizaMatriculaOrigem"" que já estaria na classe ""MatriculaInstitucional"". Assim o método ""atualizaMatriculaOrigem"" passa para a classe ""MatriculaInstitucional"" diminuindo as dependências que podem ter provocado o Feature Envy. ",3,7,s,improved structure,coupling could be reduced,yes,"porem eu faria mais outra mudança para tirar o método ""atualizaMatriculaOrigem"" que continua chamando a mais a classe ""MatriculaInstitucional"". No construtor da classe ""MatriculaInstitucional"" eu colocaria um parâmetro opcional chamado ""periodoLetivoAtual"", caso ele seja diferente de null, então eu chamaria o método ""atualizaMatriculaOrigem"" que já estaria na classe ""MatriculaInstitucional"". Assim o método ""atualizaMatriculaOrigem"" passa para a classe ""MatriculaInstitucional"" diminuindo as dependências que podem ter provocado o Feature Envy. "
17,"Do ponto de vista semântico, entendo que os dois métodos criados deveriam ir para MatriculaInstitucional",3,15,p,,semantics could be improved,yes,"Do ponto de vista semântico, entendo que os dois métodos criados deveriam ir para MatriculaInstitucional"
26,Acredito que a primeira refatoração não tenha contribuído para remover o Feature Envy. Mas contribuiu para tornar o método menor (o que pode ter removido um Long Method). A combinação das duas últimas refatorações removeu o Feature Envy.,3,14,s,"removed more than one smell, combination of refactorings removed the target smell",,no,
30,"Eu acho que melhorou a classe IngressoUniversidadeService, mas para instiacao da classe MatriculaInstitucional é preciso de varios parametros. Será que sempre ele vai usar todos esses parametros? eso nao seria a anomalia Long Parameter list ?",3,6,s,improved structure,may have introduced another smell,no,
39,A sequência de refatorações melhorou tanto a estrutura do código quanto a qualidade interna e externa. O código ficou mais legível e coeso.,3,11,s,"improved structure, improved legibility, improved cohesion, improved internal and external quality",,no,
48,O método atualizaMatriculaOrigem também poderia ter sido movido para a classe MatriculaInstitucional.,3,20,p,,,yes,O método atualizaMatriculaOrigem também poderia ter sido movido para a classe MatriculaInstitucional.
57,"A refatoração auxiliou na separação das responsabilidades de cada Classe, isso deixa o código realmente mais estruturado.  Entretanto, acredito que ao algoritmo deva identificar casos a serem ignorados. Por exemplo, quando usamos os padrões Strategy e Visitor.",3,4,s,"improved structure, improved the separation of concerns",,yes,"acredito que ao algoritmo deva identificar casos a serem ignorados. Por exemplo, quando usamos os padrões Strategy e Visitor."
61,"Sim, de fato a estrutura do código melhorou ao se remover o feature envy. Entretanto acredito que esse batch pode tá incompleto porque ela aumentou o acoplamento entre as classes envolvidas na refatoração, logo deveria ter uma outra refatoração para diminuir o acoplamento.  Agora matriculainstitucional tem um método com os seguintes parâmetros: matriculaOrigem, cursoDestino, polo, param, periodoLetivoAtual, geradorNumeroMatricula, versaoDestino. Isso aumenta o acoplamento dessa classe com as outras do parâmetro. Infelizmente não sei dizer como reduzir esse acoplamento e nem se é possível reduzir.",3,12,s,improved structure,"increased coupling, incomplete batch",no,
70,"Eu creio que a classe melhorou em legibilidade em relação a versão original. Isso pode ser facilmente constatado pelo número de linhas e métodos utilizados internamente em ""matricularReingresso"". Mesmo após as refatorações eu creio que o método ainda tem interesse em dados (variáveis e métodos) de outras classes.",3,13,p,improved legibility,smell was not completely removed,no,
79,Sim.  A sequência de extract methods melhorou a legibilidade assim como poderá facilitar o reuso dos trechos de código primeiramente extraídos.  O método atualizaMatriculaOrigem() poderia ter sido movido para a classe MatriculaInstitucional.,3,8,p,"improved legibility, improved reuse",,yes,O método atualizaMatriculaOrigem() poderia ter sido movido para a classe MatriculaInstitucional.
88,"De fato, removeu o Feature Envy do método matricularReigresso.  Mas, o método atualizaMatriculaOrigem ainda possui Feature Envy.  E também ficou muito confuso passar uma instância de MatriculaInstitucional como parâmetro do construtor da própria classe MatriculaInstitucional. Mas, acho que isso nem foi culpa da refatoração em si, mas foi uma decisão de design. ",3,5,p,removed smell,there is another instance of the smell,no,
104,"Na mesma classe tinham outras instancias de feature envy, por exemplo, o método  replaceVideos. Embora, tenha removido a feature envy de um método a classe Media ainda permanceu smelly. Se as mesmas recomentações forem aplicadas ao método replaceVideos, acredito que a classe fica com uma melhor estrutura do código de forma geral",4,9,p,removed smell,there is another instance of the smell,yes,"Se as mesmas recomentações forem aplicadas ao método replaceVideos, acredito que a classe fica com uma melhor estrutura do código de forma geral"
118,A proposta é adequada para melhorar a estrutura do código. Achei ótima a proposta de mudanças.,4,7,s,"improved structure, excellent recommendation",,no,
19,Parece perfinente mas não consegui em pouco tempo visualizar a finalidade das classes e de seus métodos. Senti falta de ver como ficou a classe Media,4,15,p,seems good,,yes,more information needed
28,A solução é adequada para remover o smell identificado.,4,14,s,removed smell,,no,
32,Acredito que sim,4,6,s,,,no,
41,"Sim. A sequência de refatorações melhorou a estrutura do código fonte, atribuindo os métodos de acordo com as responsabilidades de cada classe.",4,11,s,"improved structure, adequate separation of concerns",,no,
50,Acredito que o code smell foi removido.,4,20,s,removed smell,,no,
59,"Novamente, houve melhoria significativa. ",4,4,s,significant improvement,,no,
63,sim pois removeu o feature envy,4,12,s,removed smell,,no,
72,"Eu creio que a sequencia de refatorações resolveu o ""feature envy"" para o código assinalado em vermelho.",4,13,s,removed smell,,no,
81,"Sim.  A sequência tornou o código mais reutilizavel e melhorou a legibilidade, facilitando também o reuso do método extraído.",4,8,s,"improved legibility, improved reuse",,no,
90,Essa sequência de refatoramento removeu o Feature Envy.  ,4,5,s,removed smell,,no,
97,As refatorações melhoraram a estrutura do código. Acredito que seria interessante aplicar o mesmo tipo de refatoração nos atributos (quando necessário). ,5,4,s,improved structure,,yes,Acredito que seria interessante aplicar o mesmo tipo de refatoração nos atributos (quando necessário). 
106,"Sim, as sequencias de refatorações são intuitivas e adequadas.",5,9,s,"intuitive refactorings, adequate refactorings",,no,
111,"Me parece que a refatoração 4 está com a descrição errada, pois diz que os métodos foram movidos de MatriculaAcademicaService para MatriculaAcademicaService.",5,14,s,,,no,
120,A proposta é adequada para melhorar a estrutura do código.,5,7,s,improved structure,,no,
21,"Entendo que era necessário fazer os movimentos  Problemas no texto:  No texto: ""ParA corrigir""  ""Assim, executamos 6 operações de Move Method da classe MatriculaAcademicaService para a classe MatriculaAcademicaService.""?????????",5,15,s,refactorings were required,,no,
34,Concordo. As refactoracoes aplicadas melhoram a classe original,5,6,s,improved original class,,no,
43,"A classe MatriculaAcademicaService ainda é uma God Class. Além disso, essa classe ainda possui diversos métodos interessados em outras classes, como a MatriculaAcademica. Logo, acredito que o conjunto de refatorações não foi suficiente para melhorar a qualidade estrutural do sistema.",5,11,n,,"not enough for improving structure, class still has smells",no,
52,"Como a pergunta é se ""Melhorou"", então melhorou parcialmente, mas o code smell não foi removido, ainda há muitas responsabilidades na classe final.",5,20,p,partial improvement,"smell was not removed, too many responsibilities",no,
65,removeu a god class,5,12,s,removed smells,,no,
74,"O que foi feito com base nos dados de ""AtividadeCurricular"" deveria ser feito tambem para outros dados (e.g. turmas). Mesmo após as refatorações propostas a classe ""MatriculaAcademicaService"" ainda continua com muitas responsabilidades.",5,13,p,,too many responsibilities,yes,"O que foi feito com base nos dados de ""AtividadeCurricular"" deveria ser feito tambem para outros dados (e.g. turmas). "
83,"Sim.  A divisão de concerns facilita a leitura e modularização do código.  Porém no 4. Move Methods, há uma certa confusão em relação ao nome das classes já que os métodos são móvidos da classe MatriculaAcademicaService para outra MatriculaAcademicaService, a diferença é o a herança de cada classe.  MatriculaAcademicaService extends AbstractService<MatriculaAcademica, Long> implements Serializable  vira MatriculaAcademicaService implements Serializable ",5,8,p,"improved legibility, improved modularization",,no,
92,"Apesar das 4 operações de refatoramento, a classe ainda precisa de mais refatorações, pois ainda está com muitas responsabilidades. ",5,5,p,,"more refactoring needed, too many responsibilities",no,
103,"A sequência de refatorações foram intuitivas. A primeira refatoração, removeu a smell, mas acabou introduzindo outra, entretando a heuristica aconselhou refatorações que me parecem adequadas para remover a smell.",6,9,s,"intuitive refactorings, removed smell",introduced another smell,no,
117,A proposta é adequada para melhorar a estrutura do código.,6,7,s,improved structure,,no,
18,Realmente não faz sentido uma Factory ficar setando valores básicos dos objetos que cria.,6,15,s,original structure did not make sense,,no,
27,"Não sei onde a classe UserFactory é utilizada, mas talvez poderia ser removida também.",6,14,s,,,yes,"Não sei onde a classe UserFactory é utilizada, mas talvez poderia ser removida também."
31,Estranho uma classe com só um metodo.  Nota: No segundo passo da refactoracao eu senti falta de ver como foi movido o metodo para a classe User.,6,6,s,,,yes,more information needed
40,"Acredito que o batch está parcialmente certo, porém pode ter mudado um pouco a semântica e o objetivo do desenvolvedor. Quando o método passou a ser um construtor da classe User, todo usuário será criado a partir do facebook. Não sei qual o objetivo e as funcionalidades desse sistema, mas pode haver outras formas de criar um usuário (email/senha, gmail etc). Além disso, a classe UserFactory se tornou desnecessária, então um batch deveria ser proposto para o resto do sistema que utiliza aquele método.",6,11,p,partially adequate refactorings,semantics may have been affected,yes,"Além disso, a classe UserFactory se tornou desnecessária, então um batch deveria ser proposto para o resto do sistema que utiliza aquele método."
49,Acho que o problema foi resolvido com a extração do método para o construtor da classe User.,6,20,s,removed smell,,no,
58,"Sem dúvidas a sequência de refatorações melhorou a estrutura do código. Ressalto apenas para os casos onde chamadas desse tipo podem ser confundidas com ""Feature Envy"" (ex: padrões Strategy e Visitor).",6,4,s,improved structure,,yes,"Ressalto apenas para os casos onde chamadas desse tipo podem ser confundidas com ""Feature Envy"" (ex: padrões Strategy e Visitor)."
62,"De fato melhorou o código, mas pode ser que a classe UserFactory tenha agora um outro smell: lazyclass.",6,12,s,improved structure,may have introduced another smell,no,
71,"Do ponto de vista técnico eu creio que o ""code smell"" foi removido. Todavia, não creio que seja interessante manter uma classe apenas com um método como é o caso da ""UserFactory"".",6,13,s,removed smell,resulting class should not be kept in the system,no,
80,"Não.   Por se tratar de uma Factory, a classe poderá ter outros métodos de criações de Usuário de outros tipos (via twitter, github, etc).  O primeiro Extract Method não é necessário. Na verdade deveria haver uma refatoração para o método createUser(), poder aceitar outros tipos de User (do twitter, etc), e não apenas mover o método que só aceitam os parâmetros de usuário do Facebook.  O Move Method não é necessário também, já que este método deveria estar no Factory, e não no Usuário. O que poderia ser feito seria um método de criação do usuário mais fléxivel.",6,8,n,,"refactoring not needed, it is a Factory that should no be refactored",yes,O que poderia ser feito seria um método de criação do usuário mais fléxivel.
89,"A sequência de refatorações removeu o Feature Envy, mas acabou adicionando um novo code smell, uma Lazy Class.  Mas acredito que esse code smell (Lazy Class) não afeta negativamente a qualidade estrutural do código, uma vez que acredito que futuramente essa classe foi removida. ",6,5,s,"removed smell, resulting class is not ideal but do not impact structural quality","introduced another smell, resulting class could be removed",no,
99,A refatorações reduziu a complexidade da classe. ,7,4,s,reduced complexity,,no,
108,"As operações de extração sob o método gerarDiariosClasse, realmente foram adequedas e diminuiram a complexidade ciclomatica do método.  Assim como as refatores de Move Method.",7,9,s,"adequate refactorings, reduced complexity",,no,
113,O método gerarDiariosClasse era complexo pois possuía a implementação de diversas tarefas. A extração dos métodos resolveu essa anomalia do código.,7,14,s,"reduced complexity, removed smell",,no,
122,"A proposta é adequada para melhorar a estrutura do código. Acho que poderia ser criado outro método e separar toda a lógica do cálculo de horários (linha 58 ate linha 82, mais o menos)",7,7,s,improved structure,,yes,"Acho que poderia ser criado outro método e separar toda a lógica do cálculo de horários (linha 58 ate linha 82, mais o menos)"
23,Muito bom!,7,15,s,very good,,no,
36,Certo o metodo gerarDiariosClasse era muito longo. Apos refactoracoes faciltou o entendimento do metodo e da classe.,7,6,s,"method was too long, improved legibility",,no,
45,"Acredito que o batch resolveu a complexidade ciclomática e sugeriu as refatorações corretas para mover métodos para as classes responsáveis. Entretanto, há outros smells nessa classe que deveriam ser abordados, como por exemplo, acredito que gerarDiariosClasse é um long method.",7,11,p,"removed smell, correct refactorings",there are other smells,no,
54,Resolvido.,7,20,s,resolved,,no,
67,"eu acho que melhorou, mas como eu não sei qual a complexidade ciclomática depois da refatoração, eu não tenho certeza ",7,12,s,believe that improved,,yes,more information needed
76,"Eu creio que as refatorações melhoraram o código em termos de legibilidade e manutenção. Todavia, eu não tenho certeza de que a ""complex Class"" foi de fato removida pois não tenho informações a cerca da métrica (e.g. CC) antes e depois das ações de refatoração.",7,13,s,"improved legibility, improved maintainability",,yes,more information needed
85,"Sim.  A sequência de refatorações tornou o código bem mais légivel, assim como tornou mais simples a reutilização dos códigos extraídos.",7,8,s,"improved legibility, improved reuse",,no,
94,"Apesar das operações de refatoramento, o método ainda continua complexo e grande. Podia ter mais Extract Method's em partes de método relacionado a Calendario (tratamento de datas), por exemplo. Sobre o Move Method aplicado sobre o método criarDiarioClasse: eu particularmente, não gosto muito dessa ideia de Mover um método e transformá-lo em um construtor. Pois, muitas vezes é necessário fazer verificações antes de criar uma instância e essas verificações são forçadas a estar no construtor, deixando o construtor complexo. Eu prefiro deixar no método mesmo e então o método retornaria ou não a instância criada. ",7,5,p,,method still is large and complex,yes,"Apesar das operações de refatoramento, o método ainda continua complexo e grande. Podia ter mais Extract Method's em partes de método relacionado a Calendario (tratamento de datas), por exemplo. Sobre o Move Method aplicado sobre o método criarDiarioClasse: eu particularmente, não gosto muito dessa ideia de Mover um método e transformá-lo em um construtor. Pois, muitas vezes é necessário fazer verificações antes de criar uma instância e essas verificações são forçadas a estar no construtor, deixando o construtor complexo. Eu prefiro deixar no método mesmo e então o método retornaria ou não a instância criada. "
98,"A refatoração auxiliou na melhoria da estrutura do código.   Sugestão: Aplicar a mesma refatoração nos atributos, quando cabido.",9,4,s,improved structure,,yes,"Sugestão: Aplicar a mesma refatoração nos atributos, quando cabido."
107,Com as sequencias de refatorações indicadas a classe LibraryMainControl passou a ter responsabilidades especificas.,9,9,s,correct separation of concerns,,no,
112,Concordo com as refatorações apresentadas.,9,14,s,agree with proposed refactorings,,no,
121,A proposta é adequada para melhorar a estrutura do código.,9,7,s,improved structure,,no,
22,"Não concordo com as assinaturas dos métodos movidos. Talvez falte a descrição apra entender melhor. Se tenho um objeto Catalogo, por quê preciso passar ele como parametro para ser printado?",9,15,p,,do not agree with the signature of new methods,no,
35,Acredito que a classe refactorada  deveria melhorar a estructura de codigo.,9,6,s,believe that improved structure,,no,
44,A sequência de refatorações melhorou a estrutura do código colocando cada método na classe responsável. ,9,11,s,"improved structure, correct separation of concerns",,no,
53,Resolvido.,9,20,s,resolved,,no,
66,De fato melhorou ao mover as funcionalidades distintas,9,12,s,"improved, correct moving of concerns",,no,
75,"Me pareceu ser interessante a extração de dados da classe ""LibraryMainControl"" através da criação das classses ""Catalog"" e ""Item"". Todavia, a classe ""LibraryMainControl "" ficou apenas com um método (i.e. doInventory). Não estou certo de que esta classe tenha utilidade com apenas estes dados e um método.",9,13,p,interesting extraction of code,resulting class may not be useful,no,
84,Sim.  A utlização dos Move Methods tornou o código mais légivel.,9,8,s,improved legibility,,no,
93,Sim. A classe ficou mais simples e com mais modularização depois da sequência de refatoramentos. ,9,5,s,"class became more simple, improved modularization",,no,
105,Concordo totalmente que as refatorações aplicadas melhoraram a estrutura do código.,10,9,s,completely agree with refactorings,,no,
119,A proposta é adequada para melhorar a estrutura do código. Achei bem bacana a separação de responsabilidades de acordo com as diferentes semânticas das funcionalidades.,10,7,s,"adequate proposal, improved structure, adequate separation of concerns",,no,
20,"Ficou muito confuso (estutura), bem como a descrição também não ajuda. Não vejo necessidade para esta ImportExport e justificativa não e convincente Poruqe fetch e save estão marcados no 1.MoveClass? ",10,15,n,,confuse structure,no,
29,"Concordo com todas as refatorações. Porém, acredito que a criação da classe EmployeeImportExport ainda não seja o mais adequado. Minha sugestão seria a criação de 2 métodos, import e export, na classe Employee. Esses métodos receberiam por parâmetro o tipo de importador ou exportador que seria utilizado. Assim, seria possível criar classes para importar e exportar de diferentes maneiras.",10,14,s,agree with refactorings,result is not ideal,yes,"Minha sugestão seria a criação de 2 métodos, import e export, na classe Employee. Esses métodos receberiam por parâmetro o tipo de importador ou exportador que seria utilizado. Assim, seria possível criar classes para importar e exportar de diferentes maneiras."
33,Concordo com as sequencias de refactoracoes.,10,6,s,agree with refactorings,,no,
42,"A sequência de refatorações fez o código ficar mais coeso e manuntenível. Entretanto, o sistema tinha uma God Class e terminou com uma Lazy Class, o que significa que apesar de ter melhorado atributos internos e externos de qualidade, a estrutura do código não melhorou, mantendo-se neutra.",10,11,n,"improved cohesion, improved maintainability","structure did not improve, introduced another smell",no,
51,A estrutura do código foi melhorada. Não consegui pensar em novas alterações.,10,20,s,"improved structure, can't identify other refactorings ",,no,
60,"A sequência de refatorações auxilia na divisão de responsabilidades de cada classe, tornando o código melhor estruturado.",10,4,s,"improved structure, improved separation of concerns",,no,
64,melhorou a separação de interesse ao tirar responsabilidades de uma classe e redistribui-las para suas classes correspondentes,10,12,s,improved separation of concerns,,no,
73,"Eu creio que a quebra da classe ""EmployeeUtils"" em diversas classes foi desnecessária, tornando a regra de negocio muito espalhada no código. Além disso, após as refatorações a classe ""EmployeeUtils"" ficou vazia implicando em um novo ""code smell"" chamado ""Lazy Class"".",10,13,p,,"introduced another smell, unnecessary separation of concerns",no,
82,Sim.  A separação dos concerns da classe facilita a legibilidade e modularização do código.,10,8,s,"improved legibility, improved modularity",,no,
91,"A sequência de refatoraçoes removeu o God Class da classe EmployeeUtils, porém adicionou um novo code smell, o Lazy Class. (mas acredito que essa classe será removida futuramente)  A sequência de refatorações também melhorou a modularização do código. ",10,5,s,"removed smell, improved modularization",introduced another smell,yes,remover classe resultante